{"cameraMode":{"drawMode":0,"name":"Shaded","section":"Shading Mode"},"sceneLighting":true,"audioPlay":false,"sceneViewState":{"showFog":false,"showMaterialUpdate":false,"showSkybox":false,"showFlares":false,"showImageEffects":false,"showParticleSystems":false},"in2DMode":false,"pivot":{"x":-0.8679511547088623,"y":1.3881187438964844,"z":-0.09796282649040222},"rotation":{"x":-0.08413808792829514,"y":0.6903581023216248,"z":-0.08136088401079178,"w":-0.7139524817466736},"size":5.515080451965332,"orthographic":false}