{"cameraMode":{"drawMode":0,"name":"Shaded","section":"Shading Mode"},"sceneLighting":true,"audioPlay":false,"sceneViewState":{"showFog":false,"showMaterialUpdate":false,"showSkybox":false,"showFlares":false,"showImageEffects":false,"showParticleSystems":false},"in2DMode":false,"pivot":{"x":-1.1006922721862794,"y":2.409421443939209,"z":0.11165547370910645},"rotation":{"x":-0.08542279899120331,"y":0.7140699625015259,"z":-0.08849956840276718,"w":-0.6892247796058655},"size":0.6577380895614624,"orthographic":false}