{"cameraMode":{"drawMode":0,"name":"Shaded","section":"Shading Mode"},"sceneLighting":true,"audioPlay":false,"sceneViewState":{"showFog":false,"showMaterialUpdate":false,"showSkybox":false,"showFlares":false,"showImageEffects":false,"showParticleSystems":false},"in2DMode":false,"pivot":{"x":-7.285299301147461,"y":0.5863662958145142,"z":0.9195728302001953},"rotation":{"x":-0.02297273278236389,"y":0.7045458555221558,"z":-0.02415880188345909,"w":-0.7098813056945801},"size":3.204359292984009,"orthographic":false}