{"cameraMode":{"drawMode":0,"name":"Shaded","section":"Shading Mode"},"sceneLighting":true,"audioPlay":false,"sceneViewState":{"showFog":false,"showMaterialUpdate":false,"showSkybox":false,"showFlares":false,"showImageEffects":false,"showParticleSystems":false},"in2DMode":false,"pivot":{"x":-3.338989496231079,"y":1.3034942150115967,"z":0.4030863642692566},"rotation":{"x":-0.07827430218458176,"y":0.6355916857719421,"z":-0.06568555533885956,"w":-0.7659198641777039},"size":2.173630475997925,"orthographic":false}