{"cameraMode":{"drawMode":0,"name":"Shaded","section":"Shading Mode"},"sceneLighting":false,"audioPlay":false,"sceneViewState":{"showFog":false,"showMaterialUpdate":false,"showSkybox":false,"showFlares":false,"showImageEffects":false,"showParticleSystems":false},"in2DMode":false,"pivot":{"x":-5.140678405761719,"y":0.8797346353530884,"z":53.74480056762695},"rotation":{"x":0.03264628350734711,"y":0.44332268834114077,"z":-0.013897460885345936,"w":0.8966187834739685},"size":33.30717086791992,"orthographic":false}