{"cameraMode":{"drawMode":0,"name":"Shaded","section":"Shading Mode"},"sceneLighting":true,"audioPlay":false,"sceneViewState":{"showFog":false,"showMaterialUpdate":false,"showSkybox":false,"showFlares":false,"showImageEffects":false,"showParticleSystems":false},"in2DMode":false,"pivot":{"x":-11.611137390136719,"y":38.120296478271487,"z":-23.582931518554689},"rotation":{"x":0.048921212553977969,"y":0.032766193151474,"z":-0.0007069099228829145,"w":0.9990243911743164},"size":15.600193977355957,"orthographic":false}