{"cameraMode":{"drawMode":0,"name":"Shaded","section":"Shading Mode"},"sceneLighting":true,"audioPlay":false,"sceneViewState":{"showFog":false,"showMaterialUpdate":false,"showSkybox":false,"showFlares":false,"showImageEffects":false,"showParticleSystems":false},"in2DMode":false,"pivot":{"x":-10.528493881225586,"y":2.062199592590332,"z":0.998082160949707},"rotation":{"x":0.09386767446994782,"y":-0.7222495079040527,"z":0.09988691657781601,"w":0.6790202856063843},"size":15.600193977355957,"orthographic":false}