{"cameraMode":{"drawMode":0,"name":"Shaded","section":"Shading Mode"},"sceneLighting":true,"audioPlay":false,"sceneViewState":{"showFog":false,"showMaterialUpdate":false,"showSkybox":false,"showFlares":false,"showImageEffects":false,"showParticleSystems":false},"in2DMode":false,"pivot":{"x":-6.18321418762207,"y":3.57734751701355,"z":-1.3870725631713868},"rotation":{"x":-0.1300826370716095,"y":0.681832492351532,"z":-0.12566842138767243,"w":-0.7092643976211548},"size":7.584371089935303,"orthographic":false}